chr	num_vars	position	strand	effect_allele	other_allele	effect_allele_freq	p_value
1	179	1	+	A	G	0.33687830879352987	0.027497878996655345
1	179	2	-	C	A	0.17365255346521735	0.1465618428774178
1	179	3	+	G	G	0.6217732795048505	0.4225951579865068
1	179	4	+	G	C	0.3978436274919659	0.7671371742617339
1	179	5	-	G	A	0.9556757686659694	0.0047664453741163015
1	179	6	+	G	T	0.6533494431059808	0.6035956915002316
1	179	7	+	G	T	0.3287437167018652	0.9055772605352104
1	179	8	+	T	A	0.19714671350084245	0.7066615319345146
1	179	9	-	A	T	0.11534232483245432	0.26253715925849974
1	179	10	-	T	C	0.9959654787089676	0.8510762194637209
1	179	11	+	G	G	0.3792767252307385	0.3336055150721222
1	179	12	+	A	G	0.5619880927260965	0.5782842675689608
1	179	13	+	T	G	0.7327180176507682	0.4327731302473694
1	179	14	+	G	G	0.8708055529277772	0.05159532302059233
1	179	15	+	T	C	0.5721702596638352	0.7298032878898084
1	179	16	-	C	T	0.011036070995032787	0.5481704142875969
1	179	17	-	T	A	0.906315261265263	0.7512219855561852
1	179	18	-	A	T	0.7706536315381527	0.05077116470783949
1	179	19	-	T	C	0.3825046233832836	0.7149662123993039
1	179	20	+	G	A	0.09404588886536658	0.29769445676356554
1	179	21	+	A	A	0.04965358390472829	0.2834772097412497
1	179	22	+	T	G	0.8211623181123286	0.8298771274276078
1	179	23	+	C	C	0.8293243043590337	0.08639537519775331
1	179	24	+	A	T	0.654732875758782	0.042657118989154696
1	179	25	+	C	G	0.13282781303860247	0.34874080889858305
1	179	26	+	C	G	0.3418099011760205	0.5423360101412982
1	179	27	-	C	G	0.7313715789932758	0.6094608635175973
1	179	28	+	G	C	0.9072914160788059	0.27137209847569466
1	179	29	+	A	C	0.6961969994008541	0.20523093198426068
1	179	30	-	C	A	0.24157922226004303	0.38163214828819036
1	179	31	-	G	G	0.6441072286106646	0.47255811537615955
1	179	32	-	G	T	0.2807502136565745	0.8355179498903453
1	179	33	+	G	G	0.9576365207321942	0.12147149629890919
1	179	34	-	G	A	0.158395956736058	0.675808124942705
1	179	35	+	C	T	0.41833899170160294	0.49668521992862225
1	179	36	+	G	C	0.2520097973756492	0.9022377477958798
1	179	37	-	A	A	0.09439026773907244	0.5512639668304473
1	179	38	+	G	G	0.827717769658193	0.12856467650271952
1	179	39	-	T	G	0.5253055037464947	0.4420097856782377
1	179	40	-	T	A	0.6677476274780929	0.1922976963687688
1	179	41	-	A	A	0.4082777597941458	0.4349006221164018
1	179	42	-	C	C	0.842589903390035	0.22513340297155082
1	179	43	+	T	A	0.7373054679483175	0.9610962821170688
1	179	44	-	C	A	0.34822440100833774	0.44842746504582465
1	179	45	-	T	G	0.9489381774328649	0.7771449852734804
1	179	46	-	C	C	0.6466791899874806	0.15821977448649704
1	179	47	-	G	G	0.035277766874060035	0.8668085825629532
1	179	48	-	T	T	0.5964484557043761	0.20614560577087104
1	179	49	+	A	T	0.4153180015273392	0.17794968304224312
1	179	50	+	A	A	0.07689703814685345	0.16489114635623991
1	179	51	-	T	G	0.5280488792341202	0.5652689773123711
1	179	52	+	A	A	0.962333308532834	0.7271810211241245
1	179	53	-	G	G	0.7087400511372834	0.8759189890697598
1	179	54	-	G	G	0.5534757035784423	0.7084243837743998
1	179	55	+	A	C	0.24295660899952054	0.47746321093291044
1	179	56	+	A	A	0.7780425290111452	0.8202799935825169
1	179	57	-	T	T	0.6519409434404224	0.016612210776656866
1	179	58	-	C	T	0.8302457039244473	0.996111101238057
1	179	59	-	C	C	0.6485509474296123	0.6348948357626796
1	179	60	+	T	A	0.4798357943072915	0.42847538087517023
1	179	61	+	C	A	0.4950641056057066	0.02839293284341693
1	179	62	-	T	G	0.37987259146757424	0.7533327005803585
1	179	63	-	T	C	0.45048543717712164	0.2086339753586799
1	179	64	-	G	C	0.8142517504747957	0.9994554051663727
1	179	65	-	C	T	0.9287772257812321	0.9072491931729019
1	179	66	-	A	G	0.14748104522004724	0.7124650317709893
1	179	67	-	T	A	0.7498216649983078	0.7309328839182854
1	179	68	+	G	A	0.975657349685207	0.4724879211280495
1	179	69	-	T	G	0.974792463472113	0.8625106869731098
1	179	70	-	A	C	0.3506255701649934	0.1654151224065572
1	179	71	-	C	A	0.3939490569755435	0.6204279256053269
1	179	72	-	A	G	0.9509510090574622	0.29233139497227967
1	179	73	+	T	G	0.1066483196336776	0.4561417337972671
1	179	74	+	G	A	0.9347601165063679	0.04563920898362994
1	179	75	+	A	G	0.3461620998568833	0.177661752095446
1	179	76	-	A	C	0.5330606058705598	0.05793206789530814
1	179	77	-	G	A	0.5387942993547767	0.9444102335255593
1	179	78	+	T	T	0.7147179497405887	0.34274347429163754
1	179	79	+	G	C	0.4057905001100153	0.5179505706764758
1	179	80	-	A	C	0.15278814127668738	0.6252453352790326
1	179	81	-	T	T	0.3402327613439411	0.23726485366933048
1	179	82	-	T	T	0.6266548475250602	0.516123914392665
1	179	83	+	A	C	0.057372678304091096	0.8065418277401477
1	179	84	+	A	T	0.8516676397994161	0.34826473449356854
1	179	85	+	A	T	0.21264534583315253	0.8586874529719353
1	179	86	-	A	A	0.5394620278384537	0.03443876118399203
1	179	87	+	T	C	0.13648758619092405	0.9709971458651125
1	179	88	-	A	A	0.3248651404865086	0.7451101362239569
1	179	89	+	A	T	0.6210762937553227	0.27325524180196226
1	179	90	-	T	A	0.2559822485782206	0.6771061015315354
1	179	91	+	C	A	0.6348757988307625	0.34794746804982424
1	179	92	+	C	C	0.4856721069663763	0.9470205216202885
1	179	93	-	C	C	0.9381769166793674	0.3386237749364227
1	179	94	-	A	A	0.8575015370734036	0.031713203992694616
1	179	95	+	T	G	0.3708835376892239	0.3535857975948602
1	179	96	+	A	C	0.3142018299549818	0.3871235877741128
1	179	97	+	A	T	0.8285343598108739	0.3569471600931138
1	179	98	-	C	T	0.45184151316061616	0.9599686060100794
1	179	99	-	C	G	0.31587841222062707	0.3837382048368454
1	179	100	+	C	G	0.09780853753909469	0.5463376210536808
1	179	101	-	T	G	0.06490053655579686	0.925323475850746
1	179	102	-	C	A	0.6894573664758354	0.916859527118504
1	179	103	-	C	T	0.668050603941083	0.24273299286141992
1	179	104	+	A	T	0.90454664779827	0.7170908388216048
1	179	105	+	C	G	0.3016932704485953	0.34894603583961725
1	179	106	+	T	T	0.9328087046742439	0.5542833507061005
1	179	107	+	C	A	0.20198301738128066	0.7429724130779505
1	179	108	-	C	T	0.7923787559848279	0.8196983186062425
1	179	109	+	T	A	0.22463050880469382	0.869657265022397
1	179	110	+	C	T	0.030756571097299457	0.0358651343267411
1	179	111	+	T	T	0.8620340412016958	0.22002440341748297
1	179	112	+	A	A	0.6851075051818043	0.3669732096605003
1	179	113	+	A	C	0.9420749095734209	0.3056964420247823
1	179	114	-	T	A	0.6758537604473531	0.7278304575011134
1	179	115	-	T	C	0.8431201484054327	0.6997287662234157
1	179	116	-	G	T	0.3618941849563271	0.9100609268061817
1	179	117	-	T	G	0.39236588519997895	0.8456026096828282
1	179	118	+	T	A	0.567687397589907	0.7785446401685476
1	179	119	-	A	G	0.09515213361009955	0.40084342821501195
1	179	120	-	C	A	0.193784071598202	0.5768046588636935
1	179	121	-	T	A	0.5880663930438459	0.07635944616049528
1	179	122	-	A	G	0.7515041681472212	0.8729748507030308
1	179	123	+	A	T	0.8672387872356921	0.9562857355922461
1	179	124	+	G	A	0.37179573718458414	0.5055310798343271
1	179	125	-	A	G	0.7988145495764911	0.9243663637898862
1	179	126	+	G	G	0.058314392575994134	0.13451353274285793
1	179	127	+	A	G	0.6234357093926519	0.23873700317926705
1	179	128	-	C	T	0.3566414066590369	0.4899626220576465
1	179	129	-	C	C	0.5879279323853552	0.47406009677797556
1	179	130	+	C	A	0.9137846420053393	0.434994159033522
1	179	131	+	T	A	0.19944218290038407	0.039248960092663765
1	179	132	+	G	C	0.36908362386748195	0.6443310151807964
1	179	133	-	A	G	0.6714083277620375	0.7155672002118081
1	179	134	+	G	T	0.7681445507332683	0.35166672128252685
1	179	135	-	A	G	0.5222482760436833	0.9465567488223314
1	179	136	+	A	C	0.8280750180128962	0.74310650723055
1	179	137	-	A	T	0.5270961946807802	0.05078592034988105
1	179	138	-	G	G	0.5017548250034451	0.9803647808730602
1	179	139	-	A	A	0.4199733198620379	0.21782245254144073
1	179	140	+	G	G	0.36229828326031566	0.03619600203819573
1	179	141	-	C	T	0.12342891027219594	0.2607038654386997
1	179	142	+	A	T	0.2981615294702351	0.720415785908699
1	179	143	+	T	G	0.2766764897387475	0.24789418117143214
1	179	144	-	T	G	0.7702253556344658	0.23491579154506326
1	179	145	+	G	G	0.7781813021283597	0.021011842880398035
1	179	146	-	G	A	0.14378728065639734	0.2646206277422607
1	179	147	-	T	A	0.5155261505860835	0.691801619483158
1	179	148	-	T	G	0.5972404854837805	0.03466939111240208
1	179	149	+	C	G	0.5058430240023881	0.06278612953610718
1	179	150	+	T	A	0.38609963306225836	0.39770609186962247
1	179	151	-	A	T	0.4260981008410454	0.4900284248869866
1	179	152	+	G	A	0.011759734712541103	0.6310487475711852
1	179	153	+	C	A	0.9193317703902721	0.7234043122734874
1	179	154	+	T	A	0.07943969313055277	0.07676579244434834
1	179	155	+	T	A	0.5073742547538131	0.42144608055241406
1	179	156	-	A	G	0.8201716169714928	0.9737266858574003
1	179	157	-	T	G	0.5983954181428999	0.8138057834003121
1	179	158	-	C	T	0.4241535260807723	0.22376772295683622
1	179	159	-	G	A	0.5593102707061917	0.4897423058282584
1	179	160	-	T	T	0.7890944720711559	0.01134019298478961
1	179	161	+	A	T	0.16771525796502829	0.25860229693353176
1	179	162	+	T	C	0.9704517300706357	0.45459877187386155
1	179	163	+	T	G	0.47350309835746884	0.7409766882192343
1	179	164	-	C	T	0.9297432058956474	0.9906600117683411
1	179	165	+	C	G	0.900939270388335	0.332204946083948
1	179	166	+	C	G	0.7508821878582239	0.9447914054617286
1	179	167	-	A	C	0.6765687724109739	0.9618534198962152
1	179	168	+	A	C	0.6480134457815439	0.8992774996440858
1	179	169	+	T	A	0.07324686972424388	0.4927158351056278
1	179	170	-	T	C	0.4235584184061736	0.7849354778882116
1	179	171	+	A	G	0.5308243641629815	0.8031190470792353
1	179	172	+	A	C	0.9427047623321414	0.6777676236815751
1	179	173	-	C	T	0.7122245593927801	0.5812775786034763
1	179	174	+	A	C	0.724490575492382	0.3306680873502046
1	179	175	+	T	C	0.4701286177150905	0.001314656576141715
1	179	176	-	A	A	0.12028225581161678	0.06580196414142847
1	179	177	-	T	A	0.783097670879215	0.08595191733911633
1	179	178	-	G	A	0.43815739708952606	0.01310971681959927
1	179	179	-	C	A	0.4314559798222035	0.33574562426656485
